Incident energy ; 
Incident energy ; 
Incident energy ; σ(E)
1.0E-5 ; 0.1942569
1.0625E-5 ; 0.1884568
1.125E-5 ; 0.1831471
1.1875E-5 ; 0.1782623
1.25E-5 ; 0.1737486
1.375E-5 ; 0.1656628
1.5E-5 ; 0.1586101
1.625E-5 ; 0.1523876
1.75E-5 ; 0.1468444
1.875E-5 ; 0.1418651
2.0E-5 ; 0.1373603
2.1875E-5 ; 0.1313416
2.375E-5 ; 0.1260505
2.5625E-5 ; 0.1213513
2.75E-5 ; 0.1171413
2.9375E-5 ; 0.1133411
3.125E-5 ; 0.1098883
3.3125E-5 ; 0.1067329
3.5E-5 ; 0.1038346
3.75E-5 ; 0.1003138
4.0E-5 ; 0.09712842
4.25E-5 ; 0.09422841
4.625E-5 ; 0.09032759
5.0E-5 ; 0.08687429
5.3125E-5 ; 0.08428044
5.625E-5 ; 0.08190587
5.9375E-5 ; 0.07972132
6.25E-5 ; 0.07770273
6.875E-5 ; 0.07408664
7.5E-5 ; 0.07093256
8.0E-5 ; 0.06868015
8.75E-5 ; 0.06567078
9.375E-5 ; 0.06344401
1.0E-4 ; 0.0614294
1.0625E-4 ; 0.05959527
1.125E-4 ; 0.05791619
1.1875E-4 ; 0.05637148
1.25E-4 ; 0.05494412
1.375E-4 ; 0.05238716
1.5E-4 ; 0.05015689
1.625E-4 ; 0.04818918
1.75E-4 ; 0.04643625
1.875E-4 ; 0.04486168
2.0E-4 ; 0.04343713
2.1875E-4 ; 0.04153384
2.375E-4 ; 0.03986064
2.5625E-4 ; 0.03837463
2.75E-4 ; 0.03704331
2.9375E-4 ; 0.03584158
3.125E-4 ; 0.0347497
3.3125E-4 ; 0.03375189
3.5E-4 ; 0.03283538
3.75E-4 ; 0.03172199
4.0E-4 ; 0.03071468
4.25E-4 ; 0.02979761
4.625E-4 ; 0.02856407
5.0E-4 ; 0.02747204
5.3125E-4 ; 0.02665179
5.625E-4 ; 0.02590088
5.9375E-4 ; 0.02521007
6.25E-4 ; 0.02457173
6.875E-4 ; 0.02342823
7.5E-4 ; 0.02243081
8.0E-4 ; 0.02171854
8.75E-4 ; 0.02076689
9.375E-4 ; 0.02006272
0.001 ; 0.01942565
0.0010625 ; 0.01884564
0.001125 ; 0.01831467
0.0011875 ; 0.01782619
0.00125 ; 0.01737482
0.001375 ; 0.01656623
0.0015 ; 0.01586096
0.001625 ; 0.01523871
0.00175 ; 0.01468439
0.001875 ; 0.01418646
0.002 ; 0.01373598
0.0021875 ; 0.0131341
0.002375 ; 0.01260499
0.0025625 ; 0.01213507
0.00275 ; 0.01171407
0.0029375 ; 0.01133405
0.003125 ; 0.01098876
0.0033125 ; 0.01067323
0.0035 ; 0.0103834
0.00375 ; 0.01003131
0.004 ; 0.009712773
0.00425 ; 0.009422771
0.004625 ; 0.009032688
0.005 ; 0.008687357
0.0053125 ; 0.008427972
0.005625 ; 0.008190514
0.0059375 ; 0.007972058
0.00625 ; 0.007770199
0.006875 ; 0.007408591
0.0075 ; 0.007093183
0.008 ; 0.006867943
0.00875 ; 0.006567008
0.009375 ; 0.006344331
0.01 ; 0.006142871
0.010625 ; 0.00595946
0.01125 ; 0.005791554
0.011875 ; 0.005637085
0.0125 ; 0.005494351
0.01375 ; 0.005238659
0.015 ; 0.005015636
0.01625 ; 0.004818868
0.0175 ; 0.004643579
0.01875 ; 0.004486125
0.02 ; 0.004343672
0.021325 ; 0.004206565
0.02265 ; 0.004081672
0.023975 ; 0.003967282
0.0253 ; 0.003861999
0.02722969 ; 0.003722641
0.02915938 ; 0.003597356
0.03108907 ; 0.003483925
0.03301875 ; 0.003380589
0.03494844 ; 0.003285934
0.03687813 ; 0.003198809
0.0407375 ; 0.003043515
0.04305313 ; 0.002960534
0.04536875 ; 0.00288399
0.05 ; 0.002747178
0.0506 ; 0.002730841
0.0520875 ; 0.002691565
0.053575 ; 0.002653936
0.05655 ; 0.002583184
0.0625 ; 0.002457153
0.06875 ; 0.002342809
0.075 ; 0.002243076
0.08125 ; 0.002155085
0.0875 ; 0.002076696
0.09375 ; 0.002006281
0.1 ; 0.001942574
0.10625 ; 0.001884574
0.1125 ; 0.001831478
0.11875 ; 0.001782634
0.125 ; 0.001737503
0.1375 ; 0.001656657
0.15 ; 0.001586137
0.1625 ; 0.001523917
0.175 ; 0.001468489
0.1875 ; 0.001418697
0.2 ; 0.001373642
0.21875 ; 0.001313435
0.2375 ; 0.001260517
0.25625 ; 0.001213541
0.275 ; 0.00117146
0.29375 ; 0.00113346
0.3125 ; 0.001098921
0.33125 ; 0.001067364
0.35 ; 0.00103839
0.375 ; 0.001003197
0.4 ; 9.713434E-4
0.425 ; 9.423221E-4
0.5 ; 8.687492E-4
0.625 ; 7.770544E-4
0.75 ; 7.093607E-4
0.8 ; 6.868163E-4
0.875 ; 6.567335E-4
1.0 ; 6.143568E-4
1.25 ; 5.49455E-4
1.5 ; 5.016742E-4
1.75 ; 4.644685E-4
2.0 ; 4.345085E-4
2.375 ; 3.986903E-4
2.75 ; 3.706284E-4
3.125 ; 3.476064E-4
3.5 ; 3.285057E-4
4.0 ; 3.073018E-4
4.25 ; 2.981355E-4
5.0 ; 2.748228E-4
6.25 ; 2.458463E-4
7.5 ; 2.244654E-4
8.0 ; 2.173057E-4
8.75 ; 2.078298E-4
10.0 ; 1.94395E-4
12.5 ; 1.739568E-4
15.0 ; 1.589051E-4
17.5 ; 1.472162E-4
20.0 ; 1.377212E-4
23.75 ; 1.264368E-4
27.5 ; 1.176119E-4
31.25 ; 1.103267E-4
35.0 ; 1.043109E-4
40.0 ; 9.757225E-5
42.5 ; 9.470697E-5
50.0 ; 8.732267E-5
62.5 ; 7.817039E-5
75.0 ; 7.140473E-5
80.0 ; 6.912626E-5
87.5 ; 6.614567E-5
100.0 ; 6.187295E-5
125.0 ; 5.568217E-5
150.0 ; 5.110038E-5
175.0 ; 4.752713E-5
200.0 ; 4.460049E-5
237.5 ; 4.112805E-5
275.0 ; 3.839991E-5
312.5 ; 3.613709E-5
350.0 ; 3.426324E-5
400.0 ; 3.215232E-5
425.0 ; 3.126003E-5
500.0 ; 2.893885E-5
625.0 ; 2.60519E-5
750.0 ; 2.390561E-5
800.0 ; 2.317844E-5
875.0 ; 2.223025E-5
1000.0 ; 2.086207E-5
1250.0 ; 1.906549E-5
1500.0 ; 1.771947E-5
1750.0 ; 1.665365E-5
2000.0 ; 1.577129E-5
2181.015 ; 1.535594E-5
2187.5 ; 1.534231E-5
2205.079 ; 1.530612E-5
2222.657 ; 1.526994E-5
2257.813 ; 1.519757E-5
2328.125 ; 1.505284E-5
2468.75 ; 1.479386E-5
2750.0 ; 1.43049E-5
3500.0 ; 1.328375E-5
4000.0 ; 1.274485E-5
4250.0 ; 1.251717E-5
5000.0 ; 1.190083E-5
6250.0 ; 1.150029E-5
7500.0 ; 1.118597E-5
8750.0 ; 1.092098E-5
10000.0 ; 1.06905E-5
12500.0 ; 1.07075E-5
15000.0 ; 1.0725E-5
17500.0 ; 1.07425E-5
20000.0 ; 1.076033E-5
23750.0 ; 1.111916E-5
23784.14 ; 1.112239E-5
27085.11 ; 1.14022E-5
27500.0 ; 1.143305E-5
28437.5 ; 1.150267E-5
29375.0 ; 1.15723E-5
31250.0 ; 1.171154E-5
35000.0 ; 1.196745E-5
38750.0 ; 1.220532E-5
40000.0 ; 1.228456E-5
42500.0 ; 1.241846E-5
50000.0 ; 1.282014E-5
62500.0 ; 1.376745E-5
67712.78 ; 1.413273E-5
68750.0 ; 1.420007E-5
74645.39 ; 1.458259E-5
75000.0 ; 1.460381E-5
76424.7 ; 1.468889E-5
77849.39 ; 1.477397E-5
80698.78 ; 1.494412E-5
86397.56 ; 1.528439E-5
87500.0 ; 1.534405E-5
100000.0 ; 1.601999E-5
125000.0 ; 1.7335E-5
150000.0 ; 1.864992E-5
175000.0 ; 1.976E-5
200000.0 ; 2.086994E-5
225000.0 ; 2.1845E-5
250000.0 ; 2.281992E-5
275000.0 ; 2.364982E-5
300000.0 ; 2.44796E-5
325000.0 ; 2.524734E-5
350000.0 ; 2.601499E-5
400000.0 ; 2.742647E-5
450000.0 ; 2.86203E-5
500000.0 ; 2.971253E-5
550000.0 ; 3.065738E-5
600000.0 ; 3.160213E-5
650000.0 ; 3.242378E-5
700000.0 ; 3.324534E-5
750000.0 ; 3.39884E-5
800000.0 ; 3.47314E-5
850000.0 ; 3.542556E-5
900000.0 ; 3.61197E-5
950000.0 ; 3.681267E-5
1000000.0 ; 3.75056E-5
1100000.0 ; 3.873371E-5
1200000.0 ; 3.996172E-5
1300000.0 ; 4.101289E-5
1400000.0 ; 4.206397E-5
1500000.0 ; 4.29992E-5
1600000.0 ; 4.393435E-5
1700000.0 ; 4.477736E-5
1800000.0 ; 4.56203E-5
1900000.0 ; 4.638282E-5
2000000.0 ; 4.714526E-5
2010000.0 ; 4.720934E-5
2020000.0 ; 4.727338E-5
2030000.0 ; 4.733742E-5
2040000.0 ; 4.740146E-5
2050000.0 ; 4.74655E-5
2055000.0 ; 4.749752E-5
2060000.0 ; 4.752954E-5
2064000.0 ; 4.755516E-5
2066000.0 ; 4.756797E-5
2068000.0 ; 4.758078E-5
2070000.0 ; 4.759359E-5
2071000.0 ; 4.759999E-5
2072000.0 ; 4.760639E-5
2073000.0 ; 4.76128E-5
2074000.0 ; 4.76192E-5
2075000.0 ; 4.762561E-5
2076000.0 ; 4.763201E-5
2076200.0 ; 4.763329E-5
2076400.0 ; 4.763457E-5
2076600.0 ; 4.763585E-5
2076800.0 ; 4.763713E-5
2077000.0 ; 4.763841E-5
2077200.0 ; 4.763969E-5
2077400.0 ; 4.764098E-5
2077600.0 ; 4.764226E-5
2077800.0 ; 4.764354E-5
2078000.0 ; 4.764482E-5
2079000.0 ; 4.765122E-5
2080000.0 ; 4.765763E-5
2082000.0 ; 4.767043E-5
2084000.0 ; 4.768324E-5
2086000.0 ; 4.769605E-5
2088000.0 ; 4.770886E-5
2090000.0 ; 4.772167E-5
2095000.0 ; 4.775369E-5
2100000.0 ; 4.778571E-5
2110000.0 ; 4.784975E-5
2120000.0 ; 4.791379E-5
2130000.0 ; 4.797783E-5
2140000.0 ; 4.804187E-5
2150000.0 ; 4.810591E-5
2160000.0 ; 4.816995E-5
2180000.0 ; 4.829803E-5
2200000.0 ; 4.842612E-5
2220000.0 ; 4.85542E-5
2240000.0 ; 4.868228E-5
2260000.0 ; 4.881036E-5
2280000.0 ; 4.893844E-5
2300000.0 ; 4.906652E-5
2320000.0 ; 4.919461E-5
2340000.0 ; 4.932269E-5
2360000.0 ; 4.945077E-5
2380000.0 ; 4.957885E-5
2400000.0 ; 4.970693E-5
2420000.0 ; 4.983501E-5
2440000.0 ; 4.99631E-5
2460000.0 ; 5.009118E-5
2480000.0 ; 5.021926E-5
2500000.0 ; 5.034734E-5
2520000.0 ; 5.046331E-5
2540000.0 ; 5.057928E-5
2560000.0 ; 5.069525E-5
2580000.0 ; 5.081122E-5
2600000.0 ; 5.092719E-5
2620000.0 ; 5.104316E-5
2640000.0 ; 5.115913E-5
2660000.0 ; 5.12751E-5
2680000.0 ; 5.139107E-5
2700000.0 ; 5.150704E-5
2720000.0 ; 5.162301E-5
2740000.0 ; 5.173898E-5
2760000.0 ; 5.185496E-5
2780000.0 ; 5.197093E-5
2800000.0 ; 5.20869E-5
2802000.0 ; 5.209849E-5
2804000.0 ; 5.211009E-5
2806000.0 ; 5.212169E-5
2808000.0 ; 5.213328E-5
2810000.0 ; 5.214488E-5
2812000.0 ; 5.215648E-5
2813000.0 ; 5.216228E-5
2814000.0 ; 5.216808E-5
2814500.0 ; 5.217097E-5
2815000.0 ; 5.217387E-5
2815500.0 ; 5.217677E-5
2816000.0 ; 5.217967E-5
2816500.0 ; 5.218257E-5
2817000.0 ; 5.218547E-5
2817500.0 ; 5.218837E-5
2818000.0 ; 5.219127E-5
2819000.0 ; 5.219707E-5
2820000.0 ; 5.220287E-5
2822000.0 ; 5.221446E-5
2824000.0 ; 5.222606E-5
2826000.0 ; 5.223766E-5
2828000.0 ; 5.224925E-5
2830000.0 ; 5.226085E-5
2835000.0 ; 5.228984E-5
2840000.0 ; 5.231884E-5
2845000.0 ; 5.234783E-5
2850000.0 ; 5.237682E-5
2855000.0 ; 5.240581E-5
2860000.0 ; 5.243481E-5
2865000.0 ; 5.24638E-5
2870000.0 ; 5.249279E-5
2875000.0 ; 5.252179E-5
2880000.0 ; 5.255078E-5
2885000.0 ; 5.257977E-5
2890000.0 ; 5.260876E-5
2895000.0 ; 5.263776E-5
2900000.0 ; 5.266675E-5
2905000.0 ; 5.269574E-5
2910000.0 ; 5.272473E-5
2915000.0 ; 5.275373E-5
2920000.0 ; 5.278272E-5
2925000.0 ; 5.281171E-5
2930000.0 ; 5.28407E-5
2935000.0 ; 5.28697E-5
2940000.0 ; 5.289869E-5
2941000.0 ; 5.290449E-5
2943000.0 ; 5.291608E-5
2945000.0 ; 5.292768E-5
2947000.0 ; 5.293928E-5
2950000.0 ; 5.295667E-5
2955000.0 ; 5.298567E-5
2960000.0 ; 5.301466E-5
2965000.0 ; 5.304365E-5
2970000.0 ; 5.307264E-5
2975000.0 ; 5.310164E-5
2980000.0 ; 5.313063E-5
2985000.0 ; 5.315962E-5
2990000.0 ; 5.318861E-5
2995000.0 ; 5.321761E-5
3000000.0 ; 5.32466E-5
3005000.0 ; 5.327498E-5
3010000.0 ; 5.330336E-5
3015000.0 ; 5.333174E-5
3020000.0 ; 5.336012E-5
3025000.0 ; 5.33885E-5
3030000.0 ; 5.341688E-5
3035000.0 ; 5.344526E-5
3040000.0 ; 5.347364E-5
3045000.0 ; 5.350203E-5
3050000.0 ; 5.353041E-5
3060000.0 ; 5.358717E-5
3070000.0 ; 5.364393E-5
3080000.0 ; 5.370069E-5
3090000.0 ; 5.375745E-5
3100000.0 ; 5.381421E-5
3110000.0 ; 5.387097E-5
3120000.0 ; 5.392773E-5
3130000.0 ; 5.39845E-5
3140000.0 ; 5.404126E-5
3150000.0 ; 5.409802E-5
3160000.0 ; 5.415478E-5
3170000.0 ; 5.421154E-5
3180000.0 ; 5.42683E-5
3190000.0 ; 5.432506E-5
3200000.0 ; 5.438182E-5
3210000.0 ; 5.443859E-5
3220000.0 ; 5.449535E-5
3230000.0 ; 5.455211E-5
3240000.0 ; 5.460887E-5
3250000.0 ; 5.466563E-5
3260000.0 ; 5.472239E-5
3270000.0 ; 5.477915E-5
3280000.0 ; 5.483591E-5
3290000.0 ; 5.489267E-5
3300000.0 ; 5.494944E-5
3310000.0 ; 5.50062E-5
3320000.0 ; 5.506296E-5
3330000.0 ; 5.511972E-5
3340000.0 ; 5.517648E-5
3350000.0 ; 5.523324E-5
3360000.0 ; 5.529E-5
3370000.0 ; 5.534676E-5
3380000.0 ; 5.540353E-5
3390000.0 ; 5.546029E-5
3400000.0 ; 5.551705E-5
3410000.0 ; 5.557381E-5
3420000.0 ; 5.563057E-5
3430000.0 ; 5.568733E-5
3440000.0 ; 5.574409E-5
3450000.0 ; 5.580085E-5
3460000.0 ; 5.585762E-5
3470000.0 ; 5.591438E-5
3480000.0 ; 5.597114E-5
3490000.0 ; 5.60279E-5
3500000.0 ; 5.608466E-5
3510000.0 ; 5.613686E-5
3520000.0 ; 5.618906E-5
3530000.0 ; 5.624126E-5
3540000.0 ; 5.629346E-5
3550000.0 ; 5.634566E-5
3560000.0 ; 5.639786E-5
3570000.0 ; 5.645007E-5
3580000.0 ; 5.650227E-5
3590000.0 ; 5.655447E-5
3600000.0 ; 5.660667E-5
3610000.0 ; 5.665887E-5
3620000.0 ; 5.671107E-5
3630000.0 ; 5.676327E-5
3640000.0 ; 5.681547E-5
3650000.0 ; 5.686767E-5
3660000.0 ; 5.691987E-5
3670000.0 ; 5.697207E-5
3680000.0 ; 5.702427E-5
3690000.0 ; 5.707648E-5
3700000.0 ; 5.712868E-5
3710000.0 ; 5.718088E-5
3720000.0 ; 5.723308E-5
3730000.0 ; 5.728528E-5
3740000.0 ; 5.733748E-5
3750000.0 ; 5.738968E-5
3760000.0 ; 5.744188E-5
3770000.0 ; 5.749408E-5
3780000.0 ; 5.754628E-5
3790000.0 ; 5.759848E-5
3800000.0 ; 5.765068E-5
3810000.0 ; 5.770288E-5
3820000.0 ; 5.775509E-5
3830000.0 ; 5.780729E-5
3840000.0 ; 5.785949E-5
3850000.0 ; 5.791169E-5
3860000.0 ; 5.796389E-5
3870000.0 ; 5.801609E-5
3880000.0 ; 5.806829E-5
3890000.0 ; 5.812049E-5
3900000.0 ; 5.817269E-5
3910000.0 ; 5.822489E-5
3920000.0 ; 5.827709E-5
3930000.0 ; 5.832929E-5
3940000.0 ; 5.83815E-5
3950000.0 ; 5.84337E-5
3960000.0 ; 5.84859E-5
3970000.0 ; 5.85381E-5
3980000.0 ; 5.85903E-5
3990000.0 ; 5.86425E-5
4000000.0 ; 5.86947E-5
4010000.0 ; 5.873612E-5
4020000.0 ; 5.877753E-5
4030000.0 ; 5.881895E-5
4040000.0 ; 5.886036E-5
4050000.0 ; 5.890178E-5
4060000.0 ; 5.894319E-5
4070000.0 ; 5.898461E-5
4080000.0 ; 5.902602E-5
4090000.0 ; 5.906744E-5
4100000.0 ; 5.910885E-5
4110000.0 ; 5.915027E-5
4120000.0 ; 5.919168E-5
4130000.0 ; 5.92331E-5
4140000.0 ; 5.927451E-5
4150000.0 ; 5.931593E-5
4160000.0 ; 5.935734E-5
4170000.0 ; 5.939876E-5
4180000.0 ; 5.944017E-5
4190000.0 ; 5.948159E-5
4200000.0 ; 5.9523E-5
4210000.0 ; 5.956442E-5
4220000.0 ; 5.960583E-5
4230000.0 ; 5.964725E-5
4240000.0 ; 5.968866E-5
4250000.0 ; 5.973008E-5
4260000.0 ; 5.977149E-5
4270000.0 ; 5.981291E-5
4280000.0 ; 5.985432E-5
4290000.0 ; 5.989574E-5
4300000.0 ; 5.993715E-5
4310000.0 ; 5.997857E-5
4320000.0 ; 6.001998E-5
4330000.0 ; 6.00614E-5
4340000.0 ; 6.010281E-5
4350000.0 ; 6.014423E-5
4360000.0 ; 6.018564E-5
4370000.0 ; 6.022706E-5
4380000.0 ; 6.026847E-5
4390000.0 ; 6.030989E-5
4400000.0 ; 6.03513E-5
4410000.0 ; 6.039272E-5
4420000.0 ; 6.043413E-5
4430000.0 ; 6.047555E-5
4440000.0 ; 6.051696E-5
4450000.0 ; 6.055838E-5
4460000.0 ; 6.059979E-5
4470000.0 ; 6.064121E-5
4480000.0 ; 6.068262E-5
4490000.0 ; 6.072404E-5
4500000.0 ; 6.076545E-5
4510000.0 ; 6.080772E-5
4520000.0 ; 6.084999E-5
4530000.0 ; 6.089226E-5
4540000.0 ; 6.093454E-5
4550000.0 ; 6.097681E-5
4560000.0 ; 6.101908E-5
4570000.0 ; 6.106135E-5
4580000.0 ; 6.110362E-5
4590000.0 ; 6.114589E-5
4600000.0 ; 6.118816E-5
4610000.0 ; 6.123044E-5
4620000.0 ; 6.127271E-5
4630000.0 ; 6.131498E-5
4640000.0 ; 6.135725E-5
4650000.0 ; 6.139952E-5
4660000.0 ; 6.144179E-5
4670000.0 ; 6.148406E-5
4680000.0 ; 6.152634E-5
4690000.0 ; 6.156861E-5
4700000.0 ; 6.161088E-5
4710000.0 ; 6.165315E-5
4720000.0 ; 6.169542E-5
4730000.0 ; 6.173769E-5
4740000.0 ; 6.177996E-5
4750000.0 ; 6.182224E-5
4760000.0 ; 6.186451E-5
4770000.0 ; 6.190678E-5
4780000.0 ; 6.194905E-5
4790000.0 ; 6.199132E-5
4800000.0 ; 6.203359E-5
4812998.0 ; 6.208854E-5
4813000.0 ; 6.208854E-5
4820000.0 ; 6.211813E-5
4830000.0 ; 6.216041E-5
4840000.0 ; 6.220268E-5
4850000.0 ; 6.224495E-5
4860000.0 ; 6.228722E-5
4870000.0 ; 6.232949E-5
4880000.0 ; 6.237176E-5
4890000.0 ; 6.241403E-5
4900000.0 ; 6.245631E-5
4902000.0 ; 6.246476E-5
4904000.0 ; 6.247321E-5
4906000.0 ; 6.248167E-5
4908000.0 ; 6.249012E-5
4910000.0 ; 6.249858E-5
4912000.0 ; 6.250703E-5
4914000.0 ; 6.251549E-5
4916000.0 ; 6.252394E-5
4918000.0 ; 6.253239E-5
4920000.0 ; 6.254085E-5
4922000.0 ; 6.25493E-5
4924000.0 ; 6.255776E-5
4926000.0 ; 6.256621E-5
4928000.0 ; 6.257467E-5
4930000.0 ; 6.258312E-5
4931000.0 ; 6.258735E-5
4932000.0 ; 6.259157E-5
4933000.0 ; 6.25958E-5
4934000.0 ; 6.260003E-5
4935000.0 ; 6.260426E-5
4935500.0 ; 6.260637E-5
4936000.0 ; 6.260848E-5
4936500.0 ; 6.26106E-5
4937000.0 ; 6.261271E-5
4937500.0 ; 6.261482E-5
4938000.0 ; 6.261694E-5
4938500.0 ; 6.261905E-5
4939000.0 ; 6.262116E-5
4939500.0 ; 6.262328E-5
4940000.0 ; 6.262539E-5
4941000.0 ; 6.262962E-5
4942000.0 ; 6.263385E-5
4943000.0 ; 6.263807E-5
4944000.0 ; 6.26423E-5
4946000.0 ; 6.265075E-5
4948000.0 ; 6.265921E-5
4950000.0 ; 6.266766E-5
4952000.0 ; 6.267612E-5
4954000.0 ; 6.268457E-5
4956000.0 ; 6.269303E-5
4958000.0 ; 6.270148E-5
4960000.0 ; 6.270993E-5
4962000.0 ; 6.271839E-5
4964000.0 ; 6.272684E-5
4966000.0 ; 6.27353E-5
4968000.0 ; 6.274375E-5
4970000.0 ; 6.275221E-5
4972000.0 ; 6.276066E-5
4974000.0 ; 6.276911E-5
4976000.0 ; 6.277757E-5
4978000.0 ; 6.278602E-5
4980000.0 ; 6.279448E-5
4982000.0 ; 6.280293E-5
4984000.0 ; 6.281139E-5
4986000.0 ; 6.281984E-5
4988000.0 ; 6.282829E-5
4990000.0 ; 6.283675E-5
4992000.0 ; 6.28452E-5
4994000.0 ; 6.285366E-5
4996000.0 ; 6.286211E-5
4998000.0 ; 6.287057E-5
5000000.0 ; 6.287902E-5
5010000.0 ; 6.293745E-5
5020000.0 ; 6.299587E-5
5030000.0 ; 6.30543E-5
5040000.0 ; 6.311272E-5
5050000.0 ; 6.317115E-5
5060000.0 ; 6.322957E-5
5070000.0 ; 6.3288E-5
5080000.0 ; 6.334643E-5
5090000.0 ; 6.340485E-5
5100000.0 ; 6.346328E-5
5110000.0 ; 6.35217E-5
5120000.0 ; 6.358013E-5
5130000.0 ; 6.363856E-5
5140000.0 ; 6.369698E-5
5150000.0 ; 6.375541E-5
5160000.0 ; 6.381383E-5
5170000.0 ; 6.387226E-5
5180000.0 ; 6.393068E-5
5190000.0 ; 6.398911E-5
5200000.0 ; 6.404754E-5
5210000.0 ; 6.410596E-5
5220000.0 ; 6.416439E-5
5230000.0 ; 6.422281E-5
5240000.0 ; 6.428124E-5
5250000.0 ; 6.433967E-5
5260000.0 ; 6.439809E-5
5270000.0 ; 6.445652E-5
5280000.0 ; 6.451494E-5
5290000.0 ; 6.457337E-5
5300000.0 ; 6.463179E-5
5305000.0 ; 6.466101E-5
5310000.0 ; 6.469022E-5
5315000.0 ; 6.471943E-5
5320000.0 ; 6.474865E-5
5325000.0 ; 6.477786E-5
5330000.0 ; 6.480707E-5
5335000.0 ; 6.483628E-5
5340000.0 ; 6.48655E-5
5342000.0 ; 6.487718E-5
5344000.0 ; 6.488887E-5
5346000.0 ; 6.490055E-5
5348000.0 ; 6.491224E-5
5350000.0 ; 6.492392E-5
5352000.0 ; 6.493561E-5
5354000.0 ; 6.494729E-5
5356000.0 ; 6.495898E-5
5358000.0 ; 6.497066E-5
5360000.0 ; 6.498235E-5
5362000.0 ; 6.499403E-5
5364000.0 ; 6.500572E-5
5366000.0 ; 6.50174E-5
5368000.0 ; 6.502909E-5
5370000.0 ; 6.504077E-5
5372000.0 ; 6.505246E-5
5375000.0 ; 6.506999E-5
5380000.0 ; 6.50992E-5
5385000.0 ; 6.512841E-5
5390000.0 ; 6.515763E-5
5395000.0 ; 6.518684E-5
5400000.0 ; 6.521605E-5
5405000.0 ; 6.524526E-5
5410000.0 ; 6.527448E-5
5415000.0 ; 6.530369E-5
5420000.0 ; 6.53329E-5
5425000.0 ; 6.536212E-5
5430000.0 ; 6.539133E-5
5435000.0 ; 6.542054E-5
5440000.0 ; 6.544976E-5
5445000.0 ; 6.547897E-5
5450000.0 ; 6.550818E-5
5460000.0 ; 6.556661E-5
5470000.0 ; 6.562503E-5
5480000.0 ; 6.568346E-5
5490000.0 ; 6.574188E-5
5500000.0 ; 6.580031E-5
5520000.0 ; 6.596064E-5
5540000.0 ; 6.612098E-5
5560000.0 ; 6.628131E-5
5580000.0 ; 6.644165E-5
5600000.0 ; 6.660198E-5
5620000.0 ; 6.676231E-5
5640000.0 ; 6.692265E-5
5660000.0 ; 6.708298E-5
5680000.0 ; 6.724332E-5
5700000.0 ; 6.740365E-5
5720000.0 ; 6.756398E-5
5740000.0 ; 6.772432E-5
5760000.0 ; 6.788465E-5
5780000.0 ; 6.804499E-5
5800000.0 ; 6.820532E-5
5820000.0 ; 6.836565E-5
5840000.0 ; 6.852599E-5
5860000.0 ; 6.868632E-5
5880000.0 ; 6.884666E-5
5900000.0 ; 6.900699E-5
5920000.0 ; 6.916732E-5
5940000.0 ; 6.932766E-5
5960000.0 ; 6.948799E-5
5980000.0 ; 6.964833E-5
6000000.0 ; 6.980866E-5
6020000.0 ; 7.002898E-5
6040000.0 ; 7.02493E-5
6060000.0 ; 7.046963E-5
6080000.0 ; 7.068995E-5
6100000.0 ; 7.091027E-5
6110000.0 ; 7.102043E-5
6120000.0 ; 7.113059E-5
6130000.0 ; 7.124075E-5
6140000.0 ; 7.135091E-5
6150000.0 ; 7.146108E-5
6160000.0 ; 7.157124E-5
6170000.0 ; 7.16814E-5
6180000.0 ; 7.179156E-5
6181416.0 ; 7.180716E-5
6190000.0 ; 7.190172E-5
6200000.0 ; 7.201188E-5
6210000.0 ; 7.212204E-5
6220000.0 ; 7.22322E-5
6230000.0 ; 7.234236E-5
6240000.0 ; 7.245252E-5
6245000.0 ; 7.25076E-5
6250000.0 ; 7.256269E-5
6252000.0 ; 7.258472E-5
6254000.0 ; 7.260675E-5
6256000.0 ; 7.262878E-5
6258000.0 ; 7.265081E-5
6260000.0 ; 7.267285E-5
6262000.0 ; 7.269488E-5
6264000.0 ; 7.271691E-5
6266000.0 ; 7.273894E-5
6268000.0 ; 7.276097E-5
6270000.0 ; 7.278301E-5
6272000.0 ; 7.280504E-5
6274000.0 ; 7.282707E-5
6276000.0 ; 7.28491E-5
6278000.0 ; 7.287114E-5
6280000.0 ; 7.289317E-5
6282000.0 ; 7.29152E-5
6284000.0 ; 7.293723E-5
6285000.0 ; 7.294825E-5
6286000.0 ; 7.295926E-5
6288000.0 ; 7.29813E-5
6290000.0 ; 7.300333E-5
6291000.0 ; 7.301435E-5
6292000.0 ; 7.302536E-5
6293000.0 ; 7.303638E-5
6294000.0 ; 7.304739E-5
6295000.0 ; 7.305841E-5
6296000.0 ; 7.306943E-5
6297000.0 ; 7.308044E-5
6298000.0 ; 7.309146E-5
6299000.0 ; 7.310247E-5
6300000.0 ; 7.311349E-5
6301000.0 ; 7.312451E-5
6302000.0 ; 7.313552E-5
6303000.0 ; 7.314654E-5
6304000.0 ; 7.315755E-5
6305000.0 ; 7.316857E-5
6306000.0 ; 7.317959E-5
6308000.0 ; 7.320162E-5
6310000.0 ; 7.322365E-5
6312000.0 ; 7.324568E-5
6314000.0 ; 7.326772E-5
6316000.0 ; 7.328975E-5
6318000.0 ; 7.331178E-5
6320000.0 ; 7.333381E-5
6322000.0 ; 7.335584E-5
6324000.0 ; 7.337788E-5
6326000.0 ; 7.339991E-5
6328000.0 ; 7.342194E-5
6330000.0 ; 7.344397E-5
6332000.0 ; 7.346601E-5
6334000.0 ; 7.348804E-5
6336000.0 ; 7.351007E-5
6338000.0 ; 7.35321E-5
6340000.0 ; 7.355413E-5
6342000.0 ; 7.357617E-5
6344000.0 ; 7.35982E-5
6346000.0 ; 7.362023E-5
6348000.0 ; 7.364226E-5
6350000.0 ; 7.36643E-5
6352000.0 ; 7.368633E-5
6354000.0 ; 7.370836E-5
6356000.0 ; 7.373039E-5
6358000.0 ; 7.375242E-5
6360000.0 ; 7.377446E-5
6362000.0 ; 7.379649E-5
6365000.0 ; 7.382954E-5
6370000.0 ; 7.388462E-5
6375000.0 ; 7.39397E-5
6380000.0 ; 7.399478E-5
6385000.0 ; 7.404986E-5
6390000.0 ; 7.410494E-5
6395000.0 ; 7.416002E-5
6400000.0 ; 7.42151E-5
6410000.0 ; 7.432526E-5
6420000.0 ; 7.443542E-5
6430000.0 ; 7.454558E-5
6440000.0 ; 7.465574E-5
6450000.0 ; 7.476591E-5
6460000.0 ; 7.487607E-5
6470000.0 ; 7.498623E-5
6490000.0 ; 7.520655E-5
6500000.0 ; 7.531671E-5
6510000.0 ; 7.548985E-5
6540000.0 ; 7.600926E-5
6553000.0 ; 7.623434E-5
6560000.0 ; 7.635553E-5
6570000.0 ; 7.652867E-5
6580000.0 ; 7.670181E-5
6590000.0 ; 7.687495E-5
6600000.0 ; 7.704808E-5
6620000.0 ; 7.739436E-5
6640000.0 ; 7.774063E-5
6658000.0 ; 7.805228E-5
6665000.0 ; 7.817348E-5
6670000.0 ; 7.826005E-5
6680000.0 ; 7.843318E-5
6700000.0 ; 7.877946E-5
6750000.0 ; 7.964515E-5
6810000.0 ; 8.068397E-5
6920000.0 ; 8.258848E-5
7000000.0 ; 8.397358E-5
7053000.0 ; 8.56217E-5
7100000.0 ; 8.708324E-5
7140000.0 ; 8.83271E-5
7180000.0 ; 8.957097E-5
7200000.0 ; 9.01929E-5
7220000.0 ; 9.081483E-5
7225000.0 ; 9.097032E-5
7250000.0 ; 9.174773E-5
7270000.0 ; 9.236966E-5
7280000.0 ; 9.268063E-5
7340000.0 ; 9.454642E-5
7350000.0 ; 9.485739E-5
7360000.0 ; 9.516836E-5
7370000.0 ; 9.547932E-5
7400000.0 ; 9.641222E-5
7420000.0 ; 9.703415E-5
7470000.0 ; 9.858898E-5
7529000.0 ; 1.004237E-4
7542000.0 ; 1.008279E-4
7553000.0 ; 1.0117E-4
7594000.0 ; 1.020499E-4
7620000.0 ; 1.026078E-4
7650000.0 ; 1.032516E-4
7667000.0 ; 1.036164E-4
7680000.0 ; 1.038954E-4
7698000.0 ; 1.042817E-4
7700000.0 ; 1.043246E-4
7725000.0 ; 1.048611E-4
7745000.0 ; 1.052903E-4
7750000.0 ; 1.053976E-4
7770000.0 ; 1.058268E-4
7789000.0 ; 1.062346E-4
7810000.0 ; 1.066852E-4
7819000.0 ; 1.068784E-4
7860000.0 ; 1.077582E-4
7886400.0 ; 1.083248E-4
7886672.0 ; 1.083306E-4
7888000.0 ; 1.083591E-4
7897000.0 ; 1.085522E-4
7930000.0 ; 1.092604E-4
7936000.0 ; 1.093892E-4
8000000.0 ; 1.107626E-4
8005000.0 ; 1.108699E-4
8010000.0 ; 1.109772E-4
8014000.0 ; 1.110631E-4
8044000.0 ; 1.117069E-4
8053000.0 ; 1.119E-4
8079000.0 ; 1.121262E-4
8080000.0 ; 1.121349E-4
8100000.0 ; 1.123089E-4
8101000.0 ; 1.123176E-4
8105000.0 ; 1.123524E-4
8109000.0 ; 1.123872E-4
8120000.0 ; 1.124829E-4
8131000.0 ; 1.125786E-4
8138000.0 ; 1.126395E-4
8160000.0 ; 1.128309E-4
8166000.0 ; 1.128831E-4
8200000.0 ; 1.131789E-4
8210000.0 ; 1.132659E-4
8218000.0 ; 1.133355E-4
8240000.0 ; 1.135269E-4
8280000.0 ; 1.138749E-4
8295800.0 ; 1.140124E-4
8296200.0 ; 1.140158E-4
8296454.0 ; 1.14018E-4
8320000.0 ; 1.142229E-4
8330000.0 ; 1.143099E-4
8391000.0 ; 1.148406E-4
8400000.0 ; 1.149189E-4
8426000.0 ; 1.151451E-4
8448000.0 ; 1.153365E-4
8450000.0 ; 1.153539E-4
8480000.0 ; 1.156149E-4
8499500.0 ; 1.157846E-4
8500000.0 ; 1.157889E-4
8520000.0 ; 1.159629E-4
8553000.0 ; 1.1625E-4
8600000.0 ; 1.158157E-4
8611000.0 ; 1.157141E-4
8664000.0 ; 1.152244E-4
8700000.0 ; 1.148917E-4
8708000.0 ; 1.148178E-4
8750000.0 ; 1.144297E-4
8768000.0 ; 1.142634E-4
8800000.0 ; 1.139677E-4
8833000.0 ; 1.136628E-4
8850000.0 ; 1.135057E-4
8885000.0 ; 1.131823E-4
8920000.0 ; 1.128589E-4
8940000.0 ; 1.126741E-4
8980000.0 ; 1.123045E-4
9000000.0 ; 1.121197E-4
9005000.0 ; 1.120735E-4
9020000.0 ; 1.119349E-4
9030000.0 ; 1.118425E-4
9045000.0 ; 1.117039E-4
9053000.0 ; 1.1163E-4
9067000.0 ; 1.112129E-4
9080000.0 ; 1.108256E-4
9149000.0 ; 1.087698E-4
9163000.0 ; 1.083527E-4
9180000.0 ; 1.078462E-4
9219000.0 ; 1.066842E-4
9250000.0 ; 1.057606E-4
9254000.0 ; 1.056414E-4
9300000.0 ; 1.042709E-4
9360000.0 ; 1.024832E-4
9400000.0 ; 1.012915E-4
9450000.0 ; 9.980178E-5
9500000.0 ; 9.831208E-5
9522000.0 ; 9.765661E-5
9553000.0 ; 9.6733E-5
9560000.0 ; 9.661028E-5
9590000.0 ; 9.608432E-5
9600000.0 ; 9.5909E-5
9630000.0 ; 9.538304E-5
9640000.0 ; 9.520772E-5
9678000.0 ; 9.45415E-5
9680000.0 ; 9.450644E-5
9692000.0 ; 9.429605E-5
9700000.0 ; 9.41558E-5
9726000.0 ; 9.369996E-5
9740000.0 ; 9.345452E-5
9750000.0 ; 9.32792E-5
9800000.0 ; 9.24026E-5
9821000.0 ; 9.203442E-5
9830000.0 ; 9.187664E-5
9868000.0 ; 9.121042E-5
9900000.0 ; 9.06494E-5
9917000.0 ; 9.035135E-5
9921000.0 ; 9.028122E-5
1.0E7 ; 8.88962E-5
1.005E7 ; 8.80196E-5
1.0053E7 ; 8.7967E-5
1.017E7 ; 8.559447E-5
1.025E7 ; 8.397223E-5
1.03E7 ; 8.295833E-5
1.0372E7 ; 8.149832E-5
1.04E7 ; 8.093053E-5
1.0448E7 ; 7.995719E-5
1.044836E7 ; 7.994989E-5
1.0478E7 ; 7.934885E-5
1.05E7 ; 7.890273E-5
1.0506E7 ; 7.878107E-5
1.0536E7 ; 7.817273E-5
1.055E7 ; 7.788883E-5
1.0553E7 ; 7.7828E-5
1.062E7 ; 7.663285E-5
1.069E7 ; 7.538419E-5
1.07E7 ; 7.520581E-5
1.075E7 ; 7.431391E-5
1.08E7 ; 7.342201E-5
1.083E7 ; 7.288687E-5
1.09E7 ; 7.163821E-5
1.094E7 ; 7.092469E-5
1.1E7 ; 6.985441E-5
1.1004E7 ; 6.978306E-5
1.1053E7 ; 6.8909E-5
1.1096E7 ; 6.846008E-5
1.11E7 ; 6.841832E-5
1.1166E7 ; 6.772928E-5
1.117E7 ; 6.768752E-5
1.125E7 ; 6.685232E-5
1.13E7 ; 6.633032E-5
1.14E7 ; 6.528632E-5
1.15E7 ; 6.424232E-5
1.1553E7 ; 6.3689E-5
1.1708E7 ; 6.285014E-5
1.170806E7 ; 6.284982E-5
1.175E7 ; 6.262284E-5
1.1751E7 ; 6.261742E-5
1.18E7 ; 6.235224E-5
1.1828E7 ; 6.22007E-5
1.19E7 ; 6.181104E-5
1.1909E7 ; 6.176233E-5
1.1917E7 ; 6.171903E-5
1.2E7 ; 6.126984E-5
1.205E7 ; 6.099924E-5
1.2053E7 ; 6.0983E-5
1.2088E7 ; 6.131046E-5
1.21E7 ; 6.142273E-5
1.2196E7 ; 6.232091E-5
1.2224E7 ; 6.258288E-5
1.225E7 ; 6.282613E-5
1.23E7 ; 6.329393E-5
1.24E7 ; 6.422953E-5
1.25E7 ; 6.516513E-5
1.2553E7 ; 6.5661E-5
1.2599E7 ; 6.653951E-5
1.27E7 ; 6.846841E-5
1.2738E7 ; 6.919413E-5
1.2792E7 ; 7.022542E-5
1.279214E7 ; 7.02281E-5
1.29E7 ; 7.228801E-5
1.299E7 ; 7.400683E-5
1.3E7 ; 7.419781E-5
1.3053E7 ; 7.521E-5
1.31E7 ; 7.701424E-5
1.312E7 ; 7.7782E-5
1.325E7 ; 8.277244E-5
1.328E7 ; 8.392408E-5
1.33E7 ; 8.469184E-5
1.35E7 ; 9.236944E-5
1.354E7 ; 9.390496E-5
1.3553E7 ; 9.4404E-5
1.3587E7 ; 9.602213E-5
1.3646E7 ; 9.883006E-5
1.37E7 ; 1.014E-4
1.3767E7 ; 1.045887E-4
1.376781E7 ; 1.046272E-4
1.3822E7 ; 1.072062E-4
1.383E7 ; 1.07587E-4
1.3965E7 ; 1.140119E-4
1.4E7 ; 1.156776E-4
1.4053E7 ; 1.182E-4
1.4182E7 ; 1.236309E-4
1.425E7 ; 1.264937E-4
1.4364E7 ; 1.312931E-4
1.4419E7 ; 1.336086E-4
1.4472E7 ; 1.358399E-4
1.45E7 ; 1.370187E-4
1.4553E7 ; 1.3925E-4
1.4566E7 ; 1.398828E-4
1.4653E7 ; 1.44118E-4
1.4694E7 ; 1.461139E-4
1.475E7 ; 1.4884E-4
1.4767E7 ; 1.496675E-4
1.4807E7 ; 1.516147E-4
1.4812E7 ; 1.518581E-4
1.4837E7 ; 1.530751E-4
1.4863E7 ; 1.543408E-4
1.4887E7 ; 1.555091E-4
1.4888E7 ; 1.555578E-4
1.4892E7 ; 1.557525E-4
1.4906E7 ; 1.56434E-4
1.4909E7 ; 1.565801E-4
1.4927E7 ; 1.574563E-4
1.4954E7 ; 1.587707E-4
1.4962E7 ; 1.591601E-4
1.4996E7 ; 1.608152E-4
1.5E7 ; 1.6101E-4
1.5006E7 ; 1.61302E-4
1.5045E7 ; 1.632006E-4
1.5053E7 ; 1.6359E-4
1.5093E7 ; 1.650268E-4
1.5248E7 ; 1.705944E-4
1.5263E7 ; 1.711332E-4
1.526383E7 ; 1.71163E-4
1.5448E7 ; 1.777784E-4
1.5477E7 ; 1.788201E-4
1.55E7 ; 1.796462E-4
1.5553E7 ; 1.8155E-4
1.5731E7 ; 1.869861E-4
1.5966E7 ; 1.94163E-4
1.597E7 ; 1.942852E-4
1.599E7 ; 1.94896E-4
1.6E7 ; 1.952014E-4
1.6053E7 ; 1.9682E-4
1.6068E7 ; 1.971299E-4
1.6256E7 ; 2.01014E-4
1.6347E7 ; 2.02894E-4
1.634791E7 ; 2.029128E-4
1.6443E7 ; 2.048774E-4
1.65E7 ; 2.06055E-4
1.6532E7 ; 2.067161E-4
1.6553E7 ; 2.0715E-4
1.6695E7 ; 2.076839E-4
1.682E7 ; 2.081539E-4
1.6824E7 ; 2.08169E-4
1.6974E7 ; 2.08733E-4
1.7E7 ; 2.088307E-4
1.7053E7 ; 2.0903E-4
1.7074E7 ; 2.088166E-4
1.7138E7 ; 2.081664E-4
1.7298E7 ; 2.065408E-4
1.729865E7 ; 2.065342E-4
1.73E7 ; 2.065205E-4
1.7301E7 ; 2.065103E-4
1.7431E7 ; 2.051895E-4
1.743199E7 ; 2.051795E-4
1.7467E7 ; 2.048238E-4
1.75E7 ; 2.044885E-4
1.7553E7 ; 2.0395E-4
1.7616E7 ; 2.030189E-4
1.7687E7 ; 2.019695E-4
1.79E7 ; 1.988213E-4
1.7901E7 ; 1.988066E-4
1.8E7 ; 1.973433E-4
1.8053E7 ; 1.9656E-4
1.8087E7 ; 1.964512E-4
1.8158E7 ; 1.96224E-4
1.8273E7 ; 1.95856E-4
1.846E7 ; 1.952576E-4
1.85E7 ; 1.951296E-4
1.8516E7 ; 1.950784E-4
1.851607E7 ; 1.950782E-4
1.8553E7 ; 1.9496E-4
1.8632E7 ; 1.952428E-4
1.87E7 ; 1.954863E-4
1.8833E7 ; 1.959624E-4
1.9E7 ; 1.965603E-4
1.903E7 ; 1.966677E-4
1.9034E7 ; 1.96682E-4
1.9053E7 ; 1.9675E-4
1.9185E7 ; 1.992765E-4
1.9346E7 ; 2.02358E-4
1.95E7 ; 2.053056E-4
1.9511E7 ; 2.055161E-4
1.9553E7 ; 2.0632E-4
1.96E7 ; 2.068405E-4
1.960015E7 ; 2.068421E-4
1.9661E7 ; 2.07516E-4
1.9794E7 ; 2.089888E-4
1.9892E7 ; 2.10074E-4
1.999999E7 ; 2.112699E-4
2.000001E7 ; 0.0
2.029547E7 ; 0.0
2.1E7 ; 0.0
2.2E7 ; 0.0
2.3E7 ; 0.0
2.4E7 ; 0.0
2.427894E7 ; 0.0
2.448686E7 ; 0.0
2.5E7 ; 0.0
2.6E7 ; 0.0
2.7E7 ; 0.0
2.705867E7 ; 0.0
2.730389E7 ; 0.0
2.8E7 ; 0.0
2.847293E7 ; 0.0
2.892336E7 ; 0.0
2.9E7 ; 0.0
3.0E7 ; 0.0
3.1E7 ; 0.0
3.2E7 ; 0.0
3.213834E7 ; 0.0
3.3E7 ; 0.0
3.4E7 ; 0.0
3.451838E7 ; 0.0
3.5E7 ; 0.0
3.509196E7 ; 0.0
3.6E7 ; 0.0
3.7E7 ; 0.0
3.8E7 ; 0.0
3.9E7 ; 0.0
4.0E7 ; 0.0
4.1E7 ; 0.0
4.2E7 ; 0.0
4.3E7 ; 0.0
4.4E7 ; 0.0
4.5E7 ; 0.0
4.6E7 ; 0.0
4.7E7 ; 0.0
4.8E7 ; 0.0
4.9E7 ; 0.0
5.0E7 ; 0.0
5.1E7 ; 0.0
5.2E7 ; 0.0
5.3E7 ; 0.0
5.4E7 ; 0.0
5.5E7 ; 0.0
5.6E7 ; 0.0
5.658661E7 ; 0.0
5.7E7 ; 0.0
5.75937E7 ; 0.0
5.8E7 ; 0.0
5.9E7 ; 0.0
6.0E7 ; 0.0
6.1E7 ; 0.0
6.2E7 ; 0.0
6.3E7 ; 0.0
6.4E7 ; 0.0
6.5E7 ; 0.0
6.6E7 ; 0.0
6.7E7 ; 0.0
6.8E7 ; 0.0
6.9E7 ; 0.0
7.0E7 ; 0.0
7.1E7 ; 0.0
7.2E7 ; 0.0
7.3E7 ; 0.0
7.4E7 ; 0.0
7.5E7 ; 0.0
7.6E7 ; 0.0
7.7E7 ; 0.0
7.8E7 ; 0.0
7.9E7 ; 0.0
8.0E7 ; 0.0
8.1E7 ; 0.0
8.2E7 ; 0.0
8.3E7 ; 0.0
8.4E7 ; 0.0
8.5E7 ; 0.0
8.6E7 ; 0.0
8.7E7 ; 0.0
8.8E7 ; 0.0
8.9E7 ; 0.0
9.0E7 ; 0.0
9.1E7 ; 0.0
9.2E7 ; 0.0
9.3E7 ; 0.0
9.4E7 ; 0.0
9.5E7 ; 0.0
9.6E7 ; 0.0
9.7E7 ; 0.0
9.8E7 ; 0.0
9.9E7 ; 0.0
1.0E8 ; 0.0
1.02E8 ; 0.0
1.04E8 ; 0.0
1.06E8 ; 0.0
1.08E8 ; 0.0
1.1E8 ; 0.0
1.12E8 ; 0.0
1.14E8 ; 0.0
1.16E8 ; 0.0
1.18E8 ; 0.0
1.2E8 ; 0.0
1.22E8 ; 0.0
1.24E8 ; 0.0
1.26E8 ; 0.0
1.28E8 ; 0.0
1.3E8 ; 0.0
1.32E8 ; 0.0
1.34E8 ; 0.0
1.36E8 ; 0.0
1.38E8 ; 0.0
1.4E8 ; 0.0
1.42E8 ; 0.0
1.44E8 ; 0.0
1.46E8 ; 0.0
1.48E8 ; 0.0
1.5E8 ; 0.0
